id;vehicle_id_number;inspection_id;system_id;pattern_1;judgment;created_at;parts_number;detail;updated_at
1;User-centric Principal Pennsylvania;repurpose Sleek;mesh system Triple-buffered;Cotton;Advanced grow;2019-05-15T22:09:56;hack;Fresh payment synthesize;2019-05-15T21:52:48
2;Markets;Glen Refined;Mandatory Assistant;Strategist;Incredible Fresh Car Tuvalu;2019-05-15T12:03:00;Gorgeous Rubber Chicken Associate Central African Republic;magenta heuristic;2019-05-15T11:58:52
3;Naira iterate;Unbranded Plastic Chips Brand Regional;Generic B2B;olive;facilitate Persevering;2019-05-16T05:29:54;holistic;Architect;2019-05-15T19:07:30
4;Falkland Islands (Malvinas);schemas;Pound Sterling Keyboard;Licensed Usability models;Personal Loan Account markets;2019-05-15T13:29:44;EXE Rustic Steel Shirt drive;Ways Liaison engage;2019-05-15T17:53:28
5;redefine transmitting;bypassing Bypass;Plastic Movies;SMS;Zimbabwe parse Customer;2019-05-15T21:50:15;capacitor program enhance;Falls;2019-05-16T08:46:52
6;Response;white SMTP;Checking Account global Steel;Borders Springs connecting;SAS;2019-05-15T22:38:07;California PNG engage;Burg;2019-05-16T01:47:17
7;bluetooth payment digital;Rubber Industrial seamless;withdrawal Jamaica;International;Luxembourg Spurs;2019-05-15T14:01:47;middleware Switzerland;Data Granite Configuration;2019-05-16T00:04:13
8;Business-focused Canyon Orchestrator;frictionless orchid;Future-proofed Awesome;Creek;Shirt Metal;2019-05-15T20:30:00;Chicken;e-business RSS;2019-05-15T23:30:55
9;Officer Savings Account Automated;Pants even-keeled Chair;Brazil;Island cyan;Granite open architecture;2019-05-16T04:09:47;Licensed;Credit Card Account Sleek;2019-05-15T14:54:55
10;Regional;Home;primary quantify Chips;Guyana;Bedfordshire Auto Loan Account back-end;2019-05-16T00:46:48;bypass Games Customer-focused;Bond Markets Units European Composite Unit (EURCO) connecting generate;2019-05-16T11:08:58
